query_id,ground_truth
92e96ab1-5160-48ac-84af-68004a6839f1,using_phone
806206f1-2032-4d5d-97a7-0cae2c7ec9b6,pocket_out
10bba9f0-8143-4fc7-ac83-0efb1a2ab1aa,pocket_out
3be79e93-33d3-44ed-9d52-89ab9ebb5f6a,carrying
9c68856e-154a-4ea6-8a9d-2816c8be8504,closing
aa12739f-c5d4-46de-a0c1-7635a7c73c2e,exiting
ce12c2f5-e2ce-4d58-9876-452de83a1ec1,using_pc
5f66393c-46a1-424a-86d5-4410df963447,setting_down
b3231f7e-3268-47c9-902b-2f2f4472d646,standing
a851f0e5-11f5-4e5c-9f11-5a7729a65156,crouching
e5f819ff-1d8b-4b2f-8a56-72a8f217f90e,fall
ab2c6c87-2cdf-460f-906a-1151ae3243cc,standing
6332b334-2338-41a3-8bb9-40132f254a3f,jumping
42f0e4f8-7fe3-455a-a55d-60eb9bdbc47c,using_phone
56935ece-4d8a-477d-b7c0-f2cd9d04307b,using_pc
57799b27-87a6-4da5-bd9f-6c921c0e39ca,closing
85cc649d-d9ae-43e6-b174-fb400d8bdf85,carrying_heavy
2fc8940d-72f8-40e6-b97e-7205e8a09863,Carrying_light
79bc8853-5282-4f67-9e90-07fb86b9a2fb,pocket_out
3c6f4b04-8c29-4421-925e-ea203c933ddb,pocket_in
f201609b-bc86-4222-9224-59e94e42dfd6,sitting_down
128ebaa9-b4eb-4e69-8768-42ecd6f85d6d,sitting_down
31172a8b-aa27-412c-a80a-6fc0e647e764,pointing
489a041b-cf88-4a8d-ba03-e05bbea55b3a,pushing
33473deb-cbf4-4381-857c-f38072d3c6da,loitering
1340849a-9410-4ea5-beca-ef224c343754,pointing
7dc1de76-8f35-4955-8807-671b755fa97a,opening
9dcad522-7c3b-4ad3-b966-c96160ff7f1d,transferring_object
1eda904c-7470-464f-b80e-f74bcc7f3a7a,carrying
703a62b1-703c-4346-aec4-aedf9c8b6e61,checking_time
bb84f15d-018a-4d36-88d5-37d4ff2cc366,kicking
eb9cfb2a-0d51-4a44-936c-18d1bdf8a76a,standing
eab84986-a73a-4eb6-bf31-97d032cf38e5,crouching
a4e02b22-b534-4f16-bf86-18b044e20862,transferring_object
4dda3a22-8117-4db2-863b-3c15c4fbbf7a,walking
4acaf225-2494-45f7-97cc-94343fe1eac4,using_pc
aa64d616-ab14-4cd5-b642-7eba98d9fc1d,using_pc
836cf06f-e28e-4a98-ae9a-74c0b741f35a,drinking
e717f8c6-33df-41dd-b7ae-fbb70ceeb243,checking_time
c761f502-5e87-4e5f-9d29-4c1fb7c950e7,using_pc
f2831285-4bae-40d9-b2ac-90974a7ad953,pocket_in
e7730704-6d44-4e8a-afb5-371696c83a06,running
c1c37459-b71b-4f8c-bbe5-c4dbbdb49a96,Carrying_light
8939cb6e-c56f-4529-9eed-83a5d18b3bce,throwing
b1c6a35a-05e5-46b0-aed4-6663d6a04ddc,using_phone
d5af24c1-7b2b-4dad-b2f4-8c7ff3be9436,standing_up
ee6f18f5-c93a-4167-963d-b3b5f949b829,carrying_light
56bb2f30-16e2-4e53-90bd-c0889d5d5e89,talking
014fe684-1492-4df4-b990-2f14a04958d3,using_phone
6e10969c-b85e-44d1-abd9-c6e5498c7363,drinking
cfbf8d38-6a54-4c97-b0c7-7a5fe621c428,jumping
54a518ad-459f-43a5-a8ec-2a59292dfc54,exiting
cffeee06-7594-4767-8dd0-0944c97b823e,running
b6862b89-5709-4e20-ab18-56e19774bd8b,transferring_object
840afa0f-8b16-437f-9801-739bfad6e76c,Carrying_light
f78c2bc3-ba5c-4c48-9983-3fea431f7cb7,carrying_light
3efa00f9-8f98-4d6b-b13e-05204068be39,sitting_down
f6c90ae3-3cbf-458b-bad2-8b19df1f2173,carrying
4534ac38-2950-4402-9284-d277301875f3,talking
60f14f27-72a8-4bae-ad34-0b7e96b7a7bf,talking_on_phone
47eeb10c-dda1-454f-a1cc-0013b4380ed7,sitting_down
c0a0744a-26ea-44e0-bded-806f9456911a,Carrying_light
499e32b7-415e-4934-9a3d-7ef9fcc8cc94,using_pc
5e6b0882-1fde-4eff-b858-adca5bc1bd74,waving_hand
42c177fb-2f38-4b9f-87a3-bf12b3a442a6,crouching
3c9f3d94-b48f-408e-92ec-d0f9c98dc887,running
12031bd9-6625-404a-a8f6-339f780945fe,opening
a2b8bdb8-f979-40da-8d94-d9e9f2331f21,using_pc
0489b92a-f1ec-496e-b9ef-7cb529bf5924,transferring_object
99cf0d5e-bd48-41df-ab19-7c329eceb4db,transferring_object
38898fde-966a-4130-b7d0-7b81e8f7434f,exiting
c44f17f0-6bf0-4785-af7b-1079a964bd91,closing
77ffde2c-6338-4396-b5a9-eb17b7d930e1,loitering
85c1ddc6-7d2f-49a0-bb90-6d2a3e7333f0,checking_time
92a67b18-7285-4ddc-b0e9-1b6f992146ad,using_pc
567d758d-6d51-42b5-b6ab-d1178baedffd,kicking
fd14026a-10c6-43b9-8039-d81f9f3af1d6,exiting
3302b175-cbd1-4601-951d-b72cc1f07beb,loitering
e9ed0e0d-4bbc-4d15-a447-765345e3c2f3,pointing
f9b76165-e0d6-4226-bc42-fd0791a4a165,opening
5126160d-0898-4915-ac43-b027126c402f,pointing
a3e5150f-7fbe-47e4-9168-0791e8af15ec,walking
d00cbd7d-e440-40e5-bb60-b99423b97d9f,checking_time
4b3d71a9-ed55-4cbe-9f58-c3ae00c1b518,jumping
1ba4049a-81e5-45a7-bb2c-ab7c62009ab0,drinking
abb3ef37-f64e-4edf-9ad2-25527d8c8c6e,closing
b302b26f-694a-47fe-ae83-49e8bc686821,picking_up
e91bc0a1-1755-4b70-a26e-433f91791ba5,talking_on_phone
30b190a5-35da-40d1-9b32-a42734abd9e8,throwing
c0aa514a-0ecc-4ef6-8f62-73704fd3b13a,waving_hand
c1d60f66-4d69-458b-8321-dc8b87724ec4,using_pc
cba846b4-4248-4d6d-9075-29af9f82f090,picking_up
f2bba834-80da-41d1-a3d5-66f2467a2d5c,pocket_in
38a5a4c0-02d3-41e9-b5e8-b600982115f6,kicking
f3fb646e-ea5a-47fe-8d9e-98ab7af46b4a,talking
bc81d12e-748f-4ff4-bb59-fe9fefa2bef5,talking
7cb9ef7b-156a-4216-84a9-58d46b8ae24a,pocket_in
201243dd-ffd6-4a99-835e-c83ca5e4f5ce,pulling
97404bc6-da1e-46a8-9e3a-94335e87557d,standing
f77d46fc-c9e5-4a0e-a9ce-c30853d57e83,pulling
41f5c55e-b7da-4921-8a1c-5f5043ed78c3,drinking
123e8ad5-6595-4e61-9bd7-15512688accc,sitting_down
c45d9017-546f-4801-839e-6fd23879f0c2,picking_up
9ee18759-d8ee-4bf1-814f-b636f1498435,Carrying_light
b69f450a-7c29-4ec0-a5ec-4b5c08b63ac2,picking_up
1a9cffae-58d8-4ef3-b7a9-760272995f18,drinking
f3b4c457-01f9-4d7e-b946-c83b74cd93f5,setting_down
572e5ede-2ec6-4536-a7f8-749ede59d55d,entering
67f415b4-5012-4994-89ba-beef4c1617cc,pointing
cde160cf-ce08-4712-ba5b-59961d39451b,pocket_in
bf75f788-73f4-40b4-9cf0-9866937610eb,sitting_down
a7af401c-389e-4423-b6ca-06f0a057fd37,using_phone
b04e5e31-1e67-48d9-8812-bdedefeccc50,carrying_light
df2fca9d-5875-49dd-b700-19405f336830,talking_on_phone
76eafd1c-3573-44eb-8438-e7d64b0bb680,picking_up
d8e4b383-403f-4f83-ae31-2b24bb5478ea,sitting_down
ba29bb94-02ff-4913-be01-d909d52a85fc,exiting
b7b46dbb-f1d9-4a10-bad4-bafb5df1e50e,pointing
e3c23898-65ef-4bb0-9096-e9486ddcfd49,pushing
19d17197-5ca6-4bac-8dd8-4c85fdb000ea,sitting_down
e4420b43-33df-444f-ad8d-bef9264479d0,pocket_in
63f8e1da-e7e4-4948-a2ae-7a41d31692f4,kicking
1276e581-77b4-464f-a75e-afd6aedb20f9,running
77bd84e2-20ad-4814-a3e0-31598f1c5538,sitting
cf32c9f6-684e-4215-9660-c42d419ef4b0,Carrying_light
a79bc920-fb48-41fa-a5cf-1f793cfd7a4d,opening
c4796c68-c3bc-43ec-990a-d80c37325629,pushing
2ce618c7-4001-42dd-be32-e347bb5d1d53,pointing
08d868e5-80d5-4e4f-868c-474036a2889f,fall
ea48a1ea-3e90-4d24-af74-5e57e8f8ee7b,Carrying_light
c9c2a8e5-0e02-4f98-a3c1-87d8414a1beb,walking
2a85f008-030f-4811-956e-ec194bdbb64e,drinking
7d826ec7-05df-42ef-a7ae-4666e8a12aec,looking_around
ac574e56-0a7b-4bd2-8eb1-49024d7dd888,exiting
f0a356e0-1c4a-42b7-98d9-0ba3842f168c,waving_hand
683879b4-5adb-4ada-a1dc-55f7161f6cce,using_phone
d9eacc26-3102-4805-b51a-5d1790002588,checking_time
de2c82bb-cfe4-4137-b949-eeefc2b59928,walking
b68535e1-9cb7-4464-9eaa-0dd38012dcdf,sitting
546b1052-4bd0-404f-ade1-77790b91d002,sitting_down
0e57dfab-0737-4ea9-9e74-0d2de13335a4,checking_time
29af05d5-96b0-4660-b01e-adc4527abb8c,setting_down
92dea173-5472-4687-9796-c4ca67f2c05d,entering
6946e709-c3de-4c65-9a59-34c661f9f1f9,entering
7cc73314-1030-41c4-a4a8-8a153e92ac0b,pocket_out
5e54a394-ba34-45c5-aafd-08b1a62c8811,picking_up
d590da08-03d9-4358-bc44-5315366d40a6,sitting_down
c903617f-31a4-470e-91a1-e57f25f11965,pushing
f30c75d4-b2b2-49cb-8186-7117dda52958,exiting
e57f9cb0-8115-47e3-bda0-6cb1be66913d,entering
ae2f57ce-426a-4f34-850e-fde2b4762abe,crouching
e991a3e2-c7ee-47a9-82b9-acfcd3d6c069,pulling
83d667fa-4d3e-4cfa-82ff-672787957589,carrying_heavy
ed95a31f-70a5-4fef-866c-723a5000c669,carrying_heavy
7cd5943d-b45d-4cec-99bc-b26615875336,pocket_in
347a041a-b74f-471d-bdef-41edcd8bb688,pocket_out
bb1681b9-a763-4910-8067-27d6c453d31b,using_phone
803992ea-c4be-4d1a-93c0-c2c7996d13f2,Carrying_light
5e67738c-0647-45a7-8e8d-0ad6b3326dfd,sitting
49139dc2-e0a2-4ccb-9fc4-c8ab59814999,kicking
3068aea1-6154-4e33-ac44-40a1cf67c2e7,fall
e7ce3dbc-e7c8-4b52-b1ea-0b454e25b127,running
f40fcba9-f1a9-4373-a600-8a25f4156e98,sitting_down
bf452441-cb06-4ba4-b54e-3087b3ae045b,walking
fbb6acc1-61dc-4957-8dd2-442d8d463017,pulling
ecd2397f-290d-4a67-9c8e-8678ea3a9789,Carrying_light
f12b4d96-2ac0-41e8-9b6e-b88ba7646729,pocket_in
de502c8a-dac4-447f-9a5f-eedc35dd2d16,running
b9260c57-ce72-4a97-8acd-72476528dc9a,closing
3561703c-2e61-45b0-bb12-7931258c1dc5,closing
fff3f27d-f665-4637-afc7-5a013f9de547,pointing
90a528f2-6165-4fd2-ad5c-baf5706ea635,exiting
084c7ccf-bc84-4622-9c37-c8fb96a946cd,pulling
249f1f1c-82bf-4c68-a235-7242fd6c4caa,exiting
8101401d-8ddb-46c0-87cc-98299c736dda,standing_up
97de4ab8-7ada-4daa-a626-a7a12fd1692d,pointing
545c58ed-99e9-4834-9f12-abd67ea0237e,pocket_out
bed5e25a-ba6e-4aab-903e-ee1de64b35fa,throwing
41f7cf22-006d-49ae-bb8e-276c2463c6ed,loitering
6877df4e-a5f3-4078-8e24-d4e7dc4da10b,running
b800bb75-5fb4-44a7-998d-02bae7251cea,loitering
b482e105-3750-444d-ab42-5359ee702740,pointing
91e6e19b-18f8-433b-babe-444d33d6d2e8,loitering
c0e55c66-72fa-4c08-97c6-1f3171d1107b,pocket_in
c2648467-e08b-4268-a100-cde6f1d1ae57,pocket_in
150807a2-a839-4f00-bcca-52409ccde38d,entering
28962a3a-c168-49a1-97d8-5a6bef68134d,pocket_in
d8a0bd54-e149-4083-a577-11c4ced7990f,running
b20cf348-c82b-4805-bc19-ad72e998718c,talking_on_phone
dd3c5d55-f8d3-44b9-b3ab-513a6f86d1e0,pushing
00ff1b30-37ee-47d2-a26b-7f1907c6270e,looking_around
45436262-f355-4ab3-acdc-55b53170a756,kicking
0c6af6b8-d3b4-4942-a6bc-4127bc0bbde0,walking
a0073e7e-6bee-4378-b65a-eb0256da8c93,waving_hand
58b422c0-ac73-4fad-954b-7888bf8418b1,talking
908f0a51-5e46-4a3b-a614-15a99e3b0af0,carrying
f6998f80-b7ca-4132-ae0c-644e9ee6759b,using_phone
30535883-bbc0-42a4-a20b-edc57af9e614,pushing
76a437cf-b514-4875-8d03-292f58166781,pulling
83398132-9a97-427a-8eb6-75e7a57dbb24,waving_hand
18100c54-de60-4d6f-b607-46f339b4e6a1,sitting
1fb45204-037f-4dfd-9582-88f6f25b8c3b,entering
0deae7ce-d43e-4114-9d4d-d351753c45e4,waving_hand
c294d54e-a122-431b-95fe-e013d59f5f6f,sitting_down
abdff0d3-0efd-49de-9e95-16f7f9ba5999,walking
aaea4580-762a-4a10-8e75-409edb6cac21,waving_hand
a1ff2ec2-e467-4782-ab41-aa3834182776,drinking
cc4185f3-0605-48e8-b429-7a515cedf539,talking
2427e2ed-7e29-41d9-83a0-19081b26a298,looking_around
e10df54c-4522-4bb2-956d-a532976bae3f,crouching
543d322a-918c-470f-a6aa-472197709bdc,Carrying_light
d6550dcf-65a3-42a6-8fd0-51fbf2cd830f,transferring_object
660bd58d-7212-4d32-8e29-76695515bb4e,standing
5dfdf405-f669-4429-9931-8e4a1dbbeb43,setting_down
a9e2cff9-ff1b-4b1f-a9fe-1061a9227b3f,setting_down
750f3195-680a-4c03-af2b-be910291e5d0,transferring_object
1703b869-03b8-4032-b492-d631ff588055,entering
a42b3f4b-78cc-4e59-b89e-447c129b8ed9,fall
29eaa47b-828e-4127-8773-56b9afc42bf0,pulling
cd17effb-53ea-4a95-9884-5d498fb295c3,carrying_heavy
018f3e47-e2bf-47a8-ad94-bcbaf89b46e7,checking_time
4c199c76-262c-491d-9981-3a3e7c702770,sitting
cfdb106f-0703-4dd4-a7f9-baf07e4e9d59,Carrying_light
4972f696-d1f2-40dc-a6bd-90764128215e,pocket_out
1bc39f00-f139-452e-a1a9-d5d92e23a27c,pushing
f935f668-f720-4517-83fb-75eed0b9f5e9,using_phone
c01fddb7-83a9-4c6a-9ab0-839171f30f9e,sitting
f8d2fbb3-c66c-4592-9fe8-7d7272ecf4fa,pulling
45d4991e-49fe-41f6-ac02-8b1deaeae3bc,standing
7b776b73-6b01-46d8-91a7-62901f9da780,pulling
24ee2b83-106d-4616-8eb2-0da36bffa9a6,carrying_heavy
8c337f8c-ad02-48fb-86c7-80c96ea15d17,loitering
2cab23cd-4f6b-4d23-8773-a8e008cdcdd5,transferring_object
6e7fb8e3-d354-49c4-9687-4b8f87309a0b,talking
f0569f13-aab2-401a-8417-37244077e4ab,transferring_object
d9bee627-069b-495f-8148-79b33040002f,sitting
5a5b1fc3-5e80-4492-82d0-61e91b8d3711,closing
8ccb38f4-dcac-4543-aaf4-ee75973e2ddd,jumping
af1393eb-f579-43de-be10-a73b5f442a3d,exiting
dc0a3b6d-da39-4a21-bcc2-db86a560bcd3,sitting_down
bdf3954a-6036-4a8a-94f2-90f8f3a4c448,loitering
7a858483-246c-4c0a-b1b4-3d14b17200d2,pocket_out
6b05719d-a9d4-4887-9288-5f4232526b56,closing
28b11d60-fd0f-4ce3-976a-ee089cecfd8d,waving_hand
f6a83497-5f2e-4ae4-9d60-c6ef57ed544a,crouching
89d4de90-2717-4280-8327-1e8129f28d43,exiting
011d4b37-e9ed-4492-bcbc-d772d3d91331,fall
3591eb9e-cec4-44b7-9579-e45586fe3aec,pocket_in
56801793-ddeb-42ff-a386-d81a31dd4a42,exiting
69d6df67-0fef-4097-bcf9-b25ef13f2274,talking
612a5812-bf6d-444d-a5bf-55b450038acb,kicking
f4bc9506-cfdf-44f3-8203-4e6cc8df5a3c,sitting_down
649cdaa5-5732-40ea-befb-64826e3f4457,setting_down
d52aaf61-c7d2-4063-8329-b92e970229dc,Carrying_light
e6959f0b-08bd-4b62-9db4-04249cbb74ea,drinking
681aac71-06ac-4bf8-9be7-26ffd0189eb2,sitting
c38652b8-95f3-4684-b92b-6ba4f7aa298a,kicking
c936d58b-d0ee-4a60-8a89-11284fff1ded,talking
efd0384b-25bb-4f31-baac-fcf15d1ca9b1,talking
b0ca0da5-0bb1-47f1-a546-1ab62480101f,pointing
0800dae2-a24a-4abd-959b-7010113f555c,closing
8d78f3e4-fb74-4808-a23f-02c0e768d8c4,using_phone
a4a91cc8-dc9d-4288-bff2-afc400e7d8ec,pointing
beb621d9-1fa3-418d-99a0-18dc3533ad4e,checking_time
9347aadf-a81e-417a-80b7-a224609599ad,pocket_out
2a1959d0-97a9-4459-b1d2-989b3f1a40d7,transferring_object
3fb13b25-7d69-4bd6-a87f-a8a13f324ca0,carrying_light
d7b19a89-852b-406b-9521-6c988bc06cad,opening
d63d7bb2-ec07-41f1-831e-9ab6154b7218,sitting
e494d0a3-e7eb-42e8-b158-aa7fe0eb8ff7,pushing
86ef7f9b-3043-42d4-a26c-1e1aa8a6a197,talking_on_phone
1d6af70d-5ad0-466e-b5b4-f7c7d404477b,standing
7616e7f6-35d3-451a-a3aa-41855a3dcbd3,sitting_down
cb3d59fb-cea5-4137-b76d-7eb15cbff0f7,checking_time
bb39ad49-bc3d-40ba-9f02-63b04d32afe1,loitering
33d53546-9e53-4d45-8f25-e73c760a8c99,carrying_light
62c01a5e-636a-42a7-8476-67ebaf3a784d,carrying_heavy
78a43b74-b75e-4c16-bea3-97afcf921cc0,walking
bad82692-c33c-4521-86ad-096312bd508e,standing
648e5434-1783-4691-a62b-d806d60c2834,checking_time
5ae8e80e-527f-4d89-b1eb-ca997e90f2c0,picking_up
d0dccfe0-ce1a-44c6-bec5-47e304816a22,looking_around
429ed642-22e6-4363-acd4-50b98ac0df76,checking_time
095b95b0-3277-4455-9d95-9af68a724681,picking_up
b4f9a00d-b192-4c75-8c89-edb3d6440dcd,setting_down
89dc226d-5686-41ba-a211-77a838b01377,talking
5e788e53-c3df-4033-83cd-7121a5b43faf,sitting_down
3caa5d44-9d11-478e-b896-d064b209cb3f,jumping
338cf9f5-8d9b-4bad-a72c-2470c695f149,talking
1f59e319-8405-48cc-9887-25a5531982f9,pocket_out
7363f79f-589f-46ba-a58c-998d5939b7ee,sitting
fa236de3-2c28-496f-8577-bf96e8c05109,checking_time
aba17c1c-a126-4da2-84c7-22367c944740,fall
3f2a81dd-739a-46f6-800a-c599e77c0399,using_pc
1b7e67ef-b806-430e-a5e8-d0712bba205c,pulling
be1b4974-5d96-4838-800c-639dfe5127f7,using_phone
66daa8db-2047-4cb2-a020-4eb540c2b10b,entering
da545610-469e-4ff0-a5ec-9e5cc6ea5f2c,looking_around
9eb8313a-50c3-4967-9122-d6b1c37d879b,carrying
e7307691-46c5-4228-8083-0edf616f2c7a,running
63a7708a-2578-4482-ba8e-85eddf2ac646,talking
ed381c07-68b4-4bab-80c5-d64c296d70d0,pushing
6acd9834-3efe-460a-9245-e06f755bec8f,using_phone
e2a1af98-b9b5-4e80-85e2-3f21bc0f7217,sitting
4fa86877-817f-4460-b819-782ef8a4e544,jumping
2faf3d5f-d1d4-4b5f-9e33-0ec232c6406e,loitering
56167ce3-1d81-4ba9-9824-90e354e7b26d,pulling
06472621-37e6-4257-88d8-3f9493a680bc,running
90d111a1-edf4-42ac-bd06-350a35b3c9ec,carrying
84517e8c-2f94-4d32-8515-131f33eda6cb,closing
b9331c39-231f-4a95-81af-d771f1e4a387,using_pc
e1773e30-f2fa-4e69-b661-d04925671b4a,talking_on_phone
a4400534-2346-4000-bcb4-dc051d3437ae,throwing
0a0bcc29-09ff-454e-950a-2bc1b5946567,looking_around
8a135dd5-4537-4382-bd1a-e3392b7aa7cf,opening
c4706b4c-b855-4599-8af1-9c9a4de2fcfc,sitting_down
1424a748-0ef0-4580-859c-16f9742a3f05,using_pc
ea98be58-ec1a-4949-90ea-482c12e64777,fall
3b66ae7c-15a9-4139-956a-7caacb016ca0,loitering
e32ec788-dc4d-4451-ba58-bfbf6740c91c,closing
8f9b1442-8fc3-4844-81b7-2ea34844ee4c,carrying_light
f1af214c-9cd3-4282-9f56-6dee2dcebc00,carrying_light
2a7d07d7-8fa9-47e1-a249-45ed57fb8dee,Carrying_light
83570e33-943b-4b61-a584-51f481c9c450,standing
12b42cf7-8758-4739-89e7-7556e90c96da,talking
4c10fee7-3242-4ace-91ca-b680bf628e0a,sitting_down
09f85af4-7987-4943-aa1d-712c1c4d0df9,closing
89f09292-74b1-4871-9646-5cd6df309dda,throwing
4f649cc6-4e43-420a-a513-701fa4dc3ae7,pulling
14af2a25-fb40-4a00-90e6-280c6cbe0561,Carrying_light
1a42c6c9-7486-4aad-8f8f-fe2a6fca266d,talking_on_phone
60e0f2b3-1d5e-4024-9d11-5d6e2ffe67a6,crouching
df3418c3-e769-4afe-8731-4b02b43165e1,closing
0378625f-6d41-44bd-b96e-e782e971291c,sitting_down
3c9cbf2c-c1f6-4ffa-9dbf-0f2a367ff932,standing_up
516b1654-c37f-45f4-a53b-72046a236995,running
1705ffcc-ecea-47fb-b5da-85f9c4063f1c,entering
689fe524-7371-4020-9455-26630954ac91,loitering
a8f934e7-9ae3-4ef3-b163-a0d3143df992,setting_down
31ca8696-9672-4da7-ab22-e5dcaab34c0d,closing
d2ef7c2f-589a-48ad-8914-9b1ac9a8f074,jumping
8029a2f4-32e5-4353-81a7-33a41070f380,closing
951c4e2a-4ef1-4c30-91eb-250a752e9f02,Carrying_light
ecf9d33c-27d9-46de-9e1b-8eab201257a6,exiting
f9472732-fac5-4d1c-9578-969bd4eb3716,crouching
f18954c9-519d-480e-9497-8cf19ccab604,looking_around
fd6f6a69-f758-462b-a64a-b8910b94e841,entering
5ce0b6b2-d3c1-4fc7-9818-759936d92152,sitting
9d9c8117-afa3-49fc-84e9-2219fc94d4ea,carrying
4e0510a6-f09b-445d-ae1f-bfe926201484,looking_around
2397ce7e-f9a5-4ac9-866f-d6f61e0caf79,pocket_out
d9f653b5-7cfd-465e-bce5-95cf9e8eb37c,entering
ab948a87-5318-45e6-9ebf-0991f2974811,sitting_down
b8369de6-3ff5-4c85-829e-66ecf3c0518e,kicking
9502388f-5ee5-4cba-91c6-66a223f62797,entering
0b41e2dc-8af8-4d6d-86ea-ccaf78e26a8a,exiting
d62408f7-dcae-4d8a-ba97-4cd82e1faf67,loitering
813e5d8e-94be-4550-927c-43736a246c70,carrying_heavy
092e6183-e265-4af2-beae-5e37d391f7dd,pushing
aa67a1f1-30c6-422f-a01f-c5aa7084563c,checking_time
3a36b8a6-2a2b-45b1-87ed-bc2dec5a4a1f,pushing
10c214be-02e3-4a6b-8a92-94731da8801c,pocket_in
5c878807-319e-43fa-bede-6cd3163e4069,loitering
95bddd0f-5056-43ca-8bb2-049204c1356e,carrying_light
ecaa30a6-1bf2-4c10-a7f9-fda65a25374d,looking_around
a5ffb261-93f4-47c1-898b-f4f5c812ec26,waving_hand
3722807e-7d39-403a-a2a6-34d94597a2f5,running
eaaf1d8e-6b42-4be4-ba07-cf94d5a30d03,talking
d013dd15-41d5-4492-bb27-a0726b233df0,closing
baf809e3-5870-436a-be03-bcb1c195290d,fall
0ceaf775-8036-47a6-afd4-9d4418539dc4,pocket_out
302879af-ec85-439b-bfde-b773f8df7cee,kicking
b109de1c-8fc5-422b-b9e0-fcc1a6367339,pulling
f5b3a806-cb28-4031-abdb-b7664013c052,Carrying_light
573b3ad3-3d94-4315-a34b-f247d95e8e45,checking_time
41533b77-f3c5-471a-a68a-6a0f629e732c,standing_up
32eb1ba7-5329-40bf-8401-763863f6f84e,talking
fea70c53-25c9-44eb-99fd-e699bbbe2c42,Carrying_light
95ffb33e-a8e0-4cf8-83c1-2337b4a06a2b,drinking
a55b1e71-658c-4ca5-bd82-3bb4b2ff7918,talking_on_phone
b3407518-fb17-469c-9b69-30ff3ada4a76,picking_up
419f992b-77bf-4713-8fd9-0f7d752dd4a9,sitting
c427f251-90d9-44e0-9d8b-2bc10db66cd7,sitting
64b44309-403d-442e-88b1-c91904b1d481,crouching
3aa04ce0-a6cb-447d-9a5b-fb7145d400dd,kicking
01f10d8f-3168-4a00-bbcd-3cc403ebe53c,entering
32e1b5ab-4a04-44f6-b1de-42ec5952dd25,waving_hand
389db2e7-3f66-4381-9387-be42f4b6a28e,looking_around
790baf09-bb77-440b-80e6-f3437a8f0556,setting_down
49842028-cde4-46f5-bf26-d18cb4ea0003,pulling
36b9fa07-781c-424a-b60f-2ce5ed530ab5,throwing
1c92a5c7-8b25-48c1-a975-6b07d73cb2bb,kicking
aea5886c-57b0-4e74-bd7d-264201cb6411,checking_time
36ca95d4-4ff4-4e90-8413-220e8e7fd336,pointing
2efa840c-bc8c-4ebc-a780-3785b9910c4e,standing_up
194f12b6-bc22-468c-8aaf-ab87fbe4e4d7,standing_up
1d2a5f89-69ea-49c1-b292-9db862e6d8ed,carrying_light
84138b6f-80ab-4523-809d-51d547678900,Carrying_light
110295e4-8148-46e4-93b1-081e2f690fc5,checking_time
543fc70c-bfc3-4703-8ea5-c2311855122f,carrying_heavy
df701a4e-380a-4956-a9c9-2179dbaa32f6,talking
4af009b8-55ee-49e7-a62c-dad39ba00001,running
01dcb3d5-ebf5-4267-a36c-6bf0f8ae994b,talking_on_phone
3b2db184-ccc4-4a19-b016-1bad94845e80,pointing
e037b9e5-581d-4e18-8015-ffdc4b8b941d,talking
7a3f0cc6-0696-47bd-9b71-e86902358cf8,pushing
0b2054a9-48aa-420a-b509-23de8efdff6f,checking_time
b9e48ed3-12a5-42ca-9585-586b6d4ab6b4,sitting
e48db8ca-6cb2-4dfa-ad86-bb04c453a826,running
a16bbff2-1239-4580-80ef-f2794f68863e,talking_on_phone
80ab93bc-9d2c-4ba2-ad91-d215e6fe0598,entering
73aaf038-6c3f-4256-ac78-2a76e096c904,running
dbb25ca2-f864-4af3-8272-61b7ce01df3a,entering
46fc07be-e98b-47ff-863d-4dcfe379cc44,pulling
6c8f1c26-88f0-4502-a5e9-905126d284cf,exiting
8bd847cc-e271-436d-8765-fe1f104c3e6e,checking_time
115faca6-3988-4394-9d91-004c72cdaf28,crouching
b93320e3-1529-4d6d-8e15-8da15bcf0e25,Carrying_light
4ec16428-639d-4bdc-863d-e65769ae3920,drinking
2d017317-897f-49a0-a77c-36a7e113b9fb,talking
dfa673b2-8e30-4d17-9d6a-8d4c2aa04b55,walking
3d076a74-4901-4afc-a855-1ed93e6a2650,fall
b1de7166-6de1-45c3-a9d4-2ae90806910a,jumping
4027b841-09a5-4b46-a389-76b6a4709529,Carrying_light
0fb06dbf-afb0-4e60-9c7a-5ce2d3187f13,checking_time
3440faba-2ff1-4e9c-b12b-371fc1da85ed,carrying_heavy
846e6919-8630-4c1f-8809-0226a6d24ca1,sitting
e321fef4-918e-46dc-be83-f08e967f577e,standing
df1645cf-3ac4-454d-84f9-0a5aabd7bd43,loitering
d52a89b0-b2ac-4da8-b6fb-36435526cf09,throwing
a8104f3a-b70d-4551-a781-4906e1ff7c80,pocket_out
054ebed2-053b-4655-9da3-cf236efa9432,waving_hand
e57250b7-e9a4-4f55-a283-8273d807649a,transferring_object
93c3f18e-f6c7-4972-99dd-7cc2faa2efb7,waving_hand
b40479fa-e76f-45d6-80f6-0cd0f373ad11,jumping
80ea2352-7c38-46b6-9ad0-e9ab99f78145,jumping
593a8e36-a026-4cce-b992-55144ce2cafe,entering
55134c1c-27d6-4482-afb2-df3012cf853e,sitting
54af6db7-9095-4366-ad43-43d675ec4e84,pocket_out
ccd2852c-83b4-4904-a79a-92096606eebd,standing
6951631f-ee21-40cb-ae70-7de17eb78fb2,running
6ffde4fb-1a83-4ec8-92d8-17f46c94afe7,crouching
7f338c9d-9cb7-462a-885e-1ed7c54f3be9,closing
6ca5e437-52c6-4eb1-b660-e4624fb64bdc,jumping
77b7d863-168c-4409-8646-ae8b9471cd58,pulling
1f731858-25c8-4b89-b032-4e7e9c8b8a08,fall
52ee09e2-0708-42de-901f-0041ee61c517,exiting
c1b49e92-87ae-4ce8-8cb6-098b1a6d905d,pocket_out
54d9c15d-b652-4355-a79c-251f5d77f5ee,running
f5d2b24c-8a7d-46a5-ad9e-5698ecdbe178,sitting
61557a94-21af-42ea-96db-81bc984288e4,jumping
ddcf7a2c-ad5e-4091-b402-61a8c6d652dc,carrying_light
9869ecd6-608a-4d9b-bf7f-5ca1cd095634,throwing
a5e2bb63-14a5-4e59-a51c-4fc91977a980,pocket_out
f51150c9-918b-499b-850a-0d30fd97c843,exiting
d0fd1b39-df72-4505-89eb-16dd11a15581,carrying_heavy
2b1efb06-77a8-4d0f-af0d-3a77f2b54a9c,closing
9b1b174a-40fe-4d72-a179-c6fb2dc803ac,checking_time
0ac28a01-065e-4aef-8a50-a352fd834399,fall
b682fc13-ebba-4d9a-9714-bbc0d4c6665a,carrying_heavy
c53f3036-78ec-4246-8942-11cc505f7229,using_pc
bcf03df6-c7f7-4d25-836d-dd1c3b65b0e5,carrying_light
98bd86f5-01f1-44cd-9069-2972ddb28b67,using_phone
a65d949d-19a7-4b9b-aa7c-d3360399b0ff,crouching
1d30bb58-f614-4d90-8590-ee60d6281b4c,closing
73d09626-531d-403d-9beb-b2d0ab55afdc,jumping
750e3cd0-bec0-4f72-952d-7141be64ca4a,talking_on_phone
aea773f5-ced9-4c6e-8b1a-2a913a8b682d,entering
a63fb987-ff24-43ba-ab06-5996eae419bf,carrying_light
a29ff9aa-1cce-4b60-880f-8ccdb360515f,waving_hand
8adcccb4-640d-45a6-9517-33b19d1aad9f,checking_time
86ed6cee-5f8c-4ffd-9ad5-666c229b51b1,loitering
ce773680-bbb6-4ec4-a4d2-8a19f67c7b45,waving_hand
4ac77b05-96cd-4e8d-b006-a51c4f587955,picking_up
8b744e6d-1dc8-4818-bf04-5d047c5676a9,loitering
0b421226-dd54-4124-8fb9-680733748afb,standing_up
ab6080a3-b4eb-4837-87fe-5ab307546fca,crouching
548c5636-56ac-485e-a384-23058d24cdca,waving_hand
c9e0bc9c-3f69-482b-a9df-0acca2190780,sitting
1fe7b4c8-481a-4a16-87c1-75a9443234f2,transferring_object
4fae422a-d403-4e3a-af50-73eb0105db63,looking_around
65c3439e-6545-4fee-81ff-1765bcb36d7b,picking_up
ea9a7df1-6aef-4178-9f31-c473ab3969a2,fall
cf8f27de-35a8-48fd-a796-a4cee51d88ff,kicking
f0119655-e1e2-462c-9a90-b983590f27fb,waving_hand
505f49ff-a0b9-49e5-873e-846cfdc44aab,exiting
a07179ca-1325-4e49-82ab-41ba7c4f7749,setting_down
89812fc1-7393-4f12-8f27-6459d0e684b8,pocket_in
717856b8-dc06-4b1a-9f06-78abf65149e2,talking
3f71a21d-3568-49a1-b0ab-1af9edec33e6,crouching
85725022-c059-4fd0-8b81-6451f917728d,talking_on_phone
9a75fdb3-3961-4e78-9b29-dba346f5c6f8,standing
9ac9a850-42ac-409f-a171-b1ab5a2c07c2,fall
47f79b62-eca6-453a-9340-34647de08183,throwing
2f701ead-c68b-4624-867e-ab76fe81c7a4,pocket_in
8242cbb6-e152-4c77-a471-5e87d8847091,entering
f17c4e10-015e-4cf5-a5a2-022726af9a64,looking_around
46a3ba78-a1a2-4443-83ba-3dcb73fdf01c,walking
833f6115-5b87-48c3-97f4-541dcc78ae9d,talking_on_phone
49fd9407-e881-4445-a316-46b3eca785cd,crouching
22e45e6f-cc3b-42bb-9073-6ddff96cc1ae,entering
292b7844-ad1b-4650-951d-d63514a6b92a,drinking
f04b6369-c250-4b23-8932-b1e657789cd1,picking_up
9649515f-754d-4307-9403-39d07d112a17,checking_time
853283ed-91d4-4031-992d-967d6d757d97,sitting
3cc1e2ad-4a17-447f-a07f-e71060ae75ca,talking_on_phone
b50dc55b-8977-496d-868f-41ad23904a6f,exiting
21e0f74c-09a3-4236-93ed-afdd2b74b5a2,picking_up
04b4d4ca-71ab-4af3-ae50-cc8f4159b1b9,using_phone
ff6a29a0-8392-46c5-a1c6-114c3818d68f,transferring_object
6a2331a3-7dbf-49c0-936e-d660ac181ad1,loitering
faaf762f-15ab-44cb-8b9b-cb22d28f967d,using_phone
98b07c84-bc79-49d7-a422-fab152dd0968,carrying_heavy
85a1841c-b93f-42e3-9673-2224f2a5d102,using_phone
60d1ab06-a991-4a7a-bb6c-b9e04e9c0b32,closing
f1aa5793-eacd-408b-bb75-c9ab36b06a0f,carrying_light
3f00b73a-e391-44fe-bab6-4cc2c5fe35f3,carrying_light
23558e5b-90e9-4c3d-b3d1-d751698dda9b,running
695aeeac-73eb-4b40-8800-aea7dd65069d,sitting_down
1b5ab168-49f6-4722-a325-c315fe31f5ba,using_phone
1d8d41f0-6ae5-474d-86e9-41f615a9c90d,kicking
0656e1da-4a9c-4514-b85f-8ee68fb74d62,jumping
0f0ea878-2e79-4a5c-baea-a8d1f32d45ee,Carrying_light
f4dc3045-8013-4fc2-a822-261a73cf8334,walking
f8bbd733-3b51-4798-bdfd-438f0d432c63,closing
237e4fc3-1664-4004-8a6c-b38e497f7436,running
b5657715-0a79-4022-bcb7-f04be2c3e9e8,pushing
7437f954-0c90-4bd5-a968-5968c36d50fd,jumping
946cbfd5-d7ee-46f8-b4fb-69b759679bb5,opening
51c100c1-3d96-4b3f-b8df-2f908b8d71cb,exiting
e5adb1de-e491-4367-a60d-91bebfcd6296,carrying
1945c7c3-f6e5-49cf-9129-2b0f0f95e877,carrying_heavy
d96792b9-bd4c-4a57-aebf-809a0efc2d2e,jumping
03c86289-3bd8-4abf-ba02-b18653be69a4,crouching
fc768cdb-9f8b-4904-9d9f-fc4b93ea9469,kicking
e5ff4b87-adb3-40b2-8438-e37085b57e65,pocket_in
966fd3f5-8990-407c-b7e5-5e9ce9d2754e,talking
8a2a795b-63eb-43b8-b45b-0fe0d1859ab5,using_phone
d924e4a7-e4f9-4bdc-8abb-b1f7848e0a4d,standing
6926bbda-b4ae-4d84-8d21-0609716ada84,carrying_heavy
5f9c41ea-7292-4003-abed-7112c00c7c0f,transferring_object
8bfe4d7e-f352-43a6-b447-937ae60cb30d,using_pc
27deda64-1b8a-4e7d-ac33-07ea30d0644c,exiting
6f414fc5-a12a-45ae-8118-cddcc3ddc911,using_phone
d9fc235d-a394-49df-8437-475d56d077a9,pushing
b1159361-9cad-46a5-a7eb-4878c5efeff8,crouching
d8b24b02-8375-4646-aebf-41a954dbf5ed,using_pc
ca970fdb-7136-42b0-81eb-3badd1d4758d,picking_up
30c788ff-aa3a-4567-a6ef-7bb59d06dee1,setting_down
abe9d145-c6df-4b73-a25d-bc366510d17e,waving_hand
48dcaf46-ffe4-482f-ab8b-360b2630a8de,using_pc
7b15c62c-8e04-4186-84b8-c213e2210c84,waving_hand
6e570a94-6c24-4341-83fe-351a8e951b45,opening
9ad30659-b46d-466e-9461-7a27ae0573dc,entering
ee956c05-7e6e-4329-be95-1599769107e8,carrying_light
8272ac07-ceb2-4495-9d37-59ee348b3337,looking_around
48b6c15c-8f84-4f07-9a96-8887254a038e,carrying_light
f35ddaa6-9731-4150-8e17-50b489f1787a,setting_down
4c8cdafc-466a-45f0-82a4-706b36fe5906,pocket_in
d290e1e8-09b3-467d-b19b-0ab30f08730c,standing
ef06d5be-03a9-494b-81e3-1125b66b7790,pushing
2f551d51-4b77-43ab-9d87-5fc70dfe5b03,exiting
2d51aefb-72e5-4006-8823-4dd37dc7e1d8,kicking
08f2f182-bc4e-46fb-884d-bc0e86734d94,closing
5713c13d-94e7-4796-a35b-d94eaafd8133,transferring_object
a334124e-19d3-42de-8b28-7d39354c1dab,sitting
195d917f-d6b0-4f41-bb22-25069c610e6d,setting_down
14054a40-71d2-49b2-849b-befdd4f0fc7b,setting_down
3e63a333-a57f-4d09-bac1-e03823a7bf45,transferring_object
104872a4-bc3a-4bbe-b638-773c66f74fad,sitting
0121ec0f-b95d-4053-94b0-0e80834c1770,pushing
64355d9d-2541-4456-b94f-fc1e910a834f,crouching
4db83945-8e66-4e3a-8b1f-5b0d3e155bb0,transferring_object
b5d7807d-a452-4b5d-96f7-333d9d95bc51,standing
9c8f192d-90c2-49af-8f39-f32d7aae2781,waving_hand
aef7e719-063b-4e64-967d-930ad607b8f5,using_phone
d59d6e61-39d0-49b2-8470-5445494c3ed3,loitering
29f46a82-8119-40ee-893e-db51d6ff38d3,checking_time
a5cdc586-316e-44c2-b9ef-3afaae04ae7e,pocket_in
555dd322-7035-47c7-aa10-625025210fa2,checking_time
63ac0b61-809d-42a4-b5b7-e979cae97e41,opening
868d28e0-3d1a-4a79-86d8-5706c18cf916,pocket_out
b06233a5-9f77-4784-97ec-4fe72c84273d,picking_up
3acdf4ca-e756-4888-9cc5-ee1daf7cd0fe,pointing
c3850bda-f5cc-4fbf-bade-517224bb8010,drinking
92889b4c-956f-407b-a2c3-212fa42e5fe0,opening
565cf986-7b63-41ae-8cf3-4446306226dd,carrying_heavy
5fed9dbd-79f8-477c-97ac-a5845f587f2e,sitting_down
e6620107-a298-4d09-a71d-2d67db60e62a,exiting
c9e94db8-003e-4c63-b63e-cd06b4cc1487,carrying_light
f2e5561f-a051-41e2-9a16-f311e75cb80f,talking_on_phone
a6421969-d6c6-4f1e-905c-49c9aa27b45f,entering
f2088799-47ed-4c38-bfd8-c60c4d95740d,carrying_light
0a97dd4f-18e1-40ae-ae6e-42f009b88c5b,sitting_down
0909e5fc-04a4-4d24-9cdb-6134ffbcb069,fall
5c3be12e-e6ba-4e88-a0b7-d24975f2a549,transferring_object
d6f55268-26bd-4493-95f0-1634c5d9331f,setting_down
983c67b2-537f-4d02-98b2-afe3287b692d,opening
53f0e845-14de-4ab9-9c9a-801d2eea78b9,jumping
a56e3588-da3b-40fd-8e76-fa40eeefa7a3,pointing
67885676-01e8-49b7-b4ba-d6431ac94b79,pocket_in
7505d218-3715-4504-a6d3-6fa8581ede45,checking_time
b77e396a-1349-46a0-9f1a-d00cdea929af,sitting_down
c63fe504-106d-4f86-bedd-3d762da2fa94,looking_around
3a7a3ad4-0e65-4c01-94b6-9abf248df349,walking
d967cbb2-e9cb-4f40-925f-0e027985b9be,talking
85af5752-49d5-46c1-90b4-3d67bed11a65,standing_up
f6d819b0-97a5-4100-b7bc-fb5e42984312,talking_on_phone
f83ed46c-2439-4019-9d60-6b7c9a58e073,pushing
7c9ba515-853d-436a-89ae-0549ca0367fc,checking_time
89a9aa66-c1ba-4281-acf7-4767579b72a5,sitting
811c85cc-992a-415b-9982-506fc34bb530,looking_around
81c08530-fcde-4d5e-8b58-0af1bd57d6ad,pocket_in
88f56840-fb34-435c-a9c8-d69e95dfe3e6,kicking
5c21874d-d344-413a-b434-bce9d2d5aecc,sitting
5ba79354-bac7-4b7b-ae6a-be37268004d9,closing
03cf5c4b-5da2-4af2-a55f-462198956924,standing_up
3e2644a6-4cb0-42e2-aca4-b8e825fe55e2,opening
401b95fb-1ebf-410e-a2e3-4ea5077b2115,drinking
9f954ad1-fa87-4361-9923-f315cf2e6d48,pointing
7e4378c8-f1ec-400c-8587-1fb75772628b,standing_up
af0d68d3-866f-4696-8065-6030fd179da6,setting_down
0df8f446-a9e7-450f-8009-74cf1b3ec167,talking_on_phone
120cecd2-530b-45e4-9d0e-06b0e4ee52ca,using_phone
0bfa1284-fd6e-452f-98f1-9cba015f07c1,pocket_in
ac96cc11-dd78-48e2-bc99-2d7dae3c1f3e,opening
ff9093cd-facd-467f-b545-985ea7b1556a,carrying_light
1a9527c7-9653-4a20-95af-fab831817d94,standing_up
e47c5faa-75a2-4e64-8021-6f213d672694,exiting
c598220e-cbba-42ea-902b-ec153bf60635,loitering
f182f50d-2bd7-4d24-9c15-a6e31961191e,exiting
ba968bf5-f7da-4a8a-8b36-5abe159c4c9b,talking_on_phone
7b319276-4906-4bff-950a-073cd8cefe45,checking_time
ff20a585-b3c5-4602-bdd4-f071f90475fd,carrying_light
c6f02e25-860c-49de-be2e-5eb531b6cf99,carrying_light
5470df59-91cc-45fb-8f67-40a2bddc3b72,waving_hand
f82028fd-7820-45dc-9d7c-e02d0afafd2a,crouching
984364f7-7d6b-4ef4-8087-745ac306702d,pulling
25fe7a96-ceba-4563-8a4d-2fa532ca6655,sitting
eab1208a-503c-46bd-9d4f-7c06db299b2f,using_pc
0ec65de3-4809-495a-b213-3ed21fb6f8db,throwing
f7e78f48-5046-4de0-abc8-843e23093490,carrying
09171b3f-d8a7-4e27-8be0-7832b093291b,carrying
2cff3873-a910-47e2-b9ca-b6ec49856066,carrying_light
e82e943f-33ed-4a28-bf98-790c4592f6bf,looking_around
f3bb16f4-43eb-49f2-abcb-548c9082e0d5,exiting
b15c3aef-f4bd-4f8c-9cd6-377662b24d08,closing
d09d8ae9-05dd-4a0f-91c7-4c1e2a17c3cf,carrying
ef3a3b94-b2da-4c2c-a9ac-7a41805404b9,drinking
2ce06eca-d45c-42ac-8174-0a90f4d69132,pocket_in
4d57398f-8a28-4f96-ba21-f3a521aa34cb,throwing
3f20c5b3-4544-41e7-a9f1-49aa55768f77,pocket_in
130ca269-f0d4-4f45-bd1e-3693938e780d,standing
50d5270a-12fc-4fed-9706-e8fdcc5149f9,Carrying_light
53a65068-9c61-4bff-9bfb-06fa1be901c3,pocket_out
37ae7e46-a2e6-475b-b653-7c8c8f460ed8,running
b62d1442-3518-4419-bfe6-9cc80048d78d,carrying
d02f0527-2878-49fe-8f25-e84b98ffbe48,opening
d854d21f-9543-4ccd-b0a8-458a4e91ebc5,loitering
cecda912-3602-4214-bf09-9c64f4951f1b,setting_down
33f30102-ca9e-499b-88ad-3bda9a4a114d,transferring_object
621bb49f-675a-4909-baaf-2ef0b27d1d8d,standing_up
1228903b-543c-4f45-953a-6cc1deaa5a16,waving_hand
e60fc18a-771b-4529-ac2a-3a35be8a1d81,walking
90a0d2f1-680f-4ad7-b917-fc168677bdcc,throwing
c6a68ced-3f5c-4032-ad84-193f40687ac4,loitering
e369f70e-4d38-44a4-be70-91bf98d4e638,pointing
794b7770-b961-4002-a13d-568a0937e6fe,throwing
b88b5b20-8609-46ba-a12c-029fc8ea0db2,transferring_object
ca4bbd3d-1750-495a-a3f7-db29c6bd1a07,transferring_object
471327aa-791d-4406-bf4c-b9b084ebb325,transferring_object
627cce78-ce07-4f11-bed4-aef4acbef0d6,carrying_light
bb327a3d-a041-45fb-b093-dfc530640ee7,running
1090d453-4f2a-4249-9e7e-102a2371530f,carrying
38e5524b-bed8-40df-97a9-2c205f16d4ba,28
368e2040-ad39-4e61-8145-b2af4fa5072b,6
da4474a0-4e79-4e71-b946-cf83364065bf,28
49bb6780-73c6-4724-a3c2-ed8b92b02da6,34
d5460e8c-3a5a-4854-be9b-2bf227196244,25
957bb6b7-0381-4f65-a32b-3f6d837ddb9a,7
7e993530-3a60-469c-b4bf-c0cb05f7833c,33
62bbac19-749e-4fff-9af1-4ee391ca35fb,12
1eb4f6e2-22ee-4668-947d-9f4dba96218f,32
89ac27aa-3cb1-4fdc-8d3b-a6d4dfea5010,26
b39edc26-6d8d-4af3-888b-61e8b6937f91,34
f574a000-a812-4156-8f10-f1597211caa9,15
96b109e5-0b05-485d-a052-9c2b589936a6,4
ec58855c-ebb4-412f-9260-f1f3ab888741,27
58705e62-e5a5-4306-91f1-69bc19547473,34
0d0310b7-d589-4386-9b04-8ad159c1a6a4,14
3763af2a-7a35-4b67-b897-b8793be3acd1,27
30ffcab8-122a-4015-87a9-560b12d0e49c,1
5ac4f793-ffeb-46f0-b52e-971044317201,6
05eb73ac-23b8-442c-a740-4b9531d867b4,27
6019c522-96ba-46e3-8ff4-fe49163cdaaf,20
0ea772ff-80c2-43f5-a733-b5dad0ee5572,26
18e80b15-217a-4352-95fc-9453b6e4613a,33
12f93b66-5c3d-45c2-bc34-722bcdec73f4,0
27ad6329-cb86-42c6-b15a-2ea16d1653f8,11
d7d508b6-eb00-4538-b9d4-89a02ab63f6e,7
f9f0abbe-3565-4813-ac86-9325c5e1e918,1
26a50b69-be35-47e2-9bdd-f13742e4370f,6
fbe7ca6d-445e-4052-be9c-a7579b45c48d,3
029f9145-18de-4452-b9fb-5cc3dacc8fc2,28
b57dc0aa-c83a-4e0b-842b-17072e559750,11
f0b4096b-16ac-4db0-a5bb-e5c4398b327c,24
f3ed39e3-ce8f-4251-bab5-2409b1984ceb,9
b502a1dc-1d9e-4272-83d4-6d84dcbf8714,34
45235b5c-daef-4abb-a361-a809f4077aff,2
b0c710d8-1b22-4813-86b5-662c647b1113,32
26363dd2-e71e-4a11-b873-ce043aa47de2,8
862ccf71-7462-4c39-9170-5a97d80936aa,5
b5c9cae9-0d09-4d0e-b8f4-c123e5221f5b,8
1ca0d205-ec45-4800-96a0-c3f4cf87a0e2,18
875104fb-8bc6-4fd0-bdb8-d71779524597,6
af667a88-77ec-46c5-bd0a-d3187584ab95,22
7303fc44-3ee4-4553-a868-64f8e6f8d1db,5
3ffdefd4-86ad-40e1-ac4e-c14a993f1b25,29
efa9e3bb-be06-45f7-8fd3-69767a9af765,1
8a88b629-b970-4001-8c3e-6952b02bc9c7,4
6d0a4d04-e776-43c9-ab6c-d59b589b19c0,25
190a2175-d1d4-4c96-abfb-4fb38ac76e2b,6
320e6453-6fbd-409a-b5c0-e4042d205f8e,8
f2afce0a-e483-4df0-bea1-e0071f53152b,34
02cdffa8-9d11-45b0-acbc-f09931bb1b3d,32
9c7282c0-4731-4b0d-bd61-11a195f6cb7a,17
70c2975a-d2e8-48e6-abea-6966912328dc,27
b089fbe7-29cd-43e8-b173-61a79e62c1fb,12
85a35128-33bc-410e-9d96-56227109a9a1,17
63bf2298-1d54-4f0d-8d32-b4c30b2eaebd,6
295e9372-e608-45ee-8c05-1c28b5306de4,27
3403062e-1379-4ac0-99ba-710e9c01a5f0,16
890c447b-064b-498c-a62a-847bdbf33344,23
f3cab9e3-6a91-4e3a-b824-f8abf7155a75,33
3a4f504b-ed80-4b5a-971e-c0baeff03df9,27
f8bb72d4-dde5-4eb0-a248-6af5382cf459,17
20c3846e-7ab5-42b9-843e-eda5156fc540,30
8974a222-1a68-4ca1-a9a1-af775ba765ca,17
dd953429-36bc-4dff-8874-21813dbe798f,8
a1752fa1-c533-484d-9d84-66bf5edd08e0,18
a1012469-dffd-4db3-bd1c-0f656f73ad07,29
e4aa65a2-854b-4241-969e-264a5d595090,6
75405383-9fcd-4656-a0f1-b7a7c3af8ed3,32
36b478c3-fd16-4322-bdda-02f95339d0a0,15
479a55dc-5d1f-4b1e-9b0d-8c7d2715c9ca,26
1c2cdb72-8ed9-4268-a2c1-942e88ba969c,29
d7930c49-2bba-4d8d-b78d-8e4001127cff,0
9e808c03-07f2-4777-8cce-d3903e2a3c35,29
ffe13a09-81a7-400e-a038-35553d7d709a,26
74e79d92-80f5-4dd0-8c9d-1d1753d9cfef,29
279cacd5-46ef-4345-9a4a-212b3d0f95ff,29
93a9a7e6-c4c7-4b4f-b2bc-65cd7a852583,28
562a2ce3-e9b4-4c51-b871-647e2ee42edc,2
ecc8c375-47d8-4bf8-8395-1a2650f03ef0,2
9b184230-1c7e-49a0-b3fa-23ee25e654ad,31
b809fdac-01a6-4530-b90c-aefe163e6d70,28
3edfaf32-ce2d-4392-8e35-31e1af85d79c,13
527cabad-b34b-4f13-b7f9-06d382401c4b,34
2cbb3157-1999-4aed-8bc5-604a0efa1c4a,19
ecc466a6-8dfa-4e10-8a79-fd93e889b163,28
d74cc07c-849f-4cd4-9194-00eabd384c7f,11
171e81c2-6aa3-4266-b8b1-ca0e037cc019,34
cfc87782-ee13-4485-99eb-8d2eb4291a9c,11
cd2deb41-754a-4743-b43d-d2c8b92dad0b,26
b7d8b1f7-daef-4b92-98b9-fe336c12abcc,5
ec2a9358-906f-41d2-a13b-fe4170a6992d,20
1c10eeec-efc6-462c-8d67-e0399725e69b,23
bb878730-ae02-4e68-85e3-f838a275f54e,15
2b6d6011-715f-4422-b52b-11c5a6d83573,25
7c8ee2cc-6c86-44c6-b446-f0a854231a50,30
2c9a8780-3f53-4c0d-8be0-8801650552bd,6
85c18964-ebbb-4b71-abeb-d6dfd35c5d09,1
a87022f4-a24f-4ce7-9b5b-398d4c181d13,28
389f29b0-a455-40cb-8844-82b896dab5d9,0
1b4ea524-d7d1-4d7d-a298-bed6e55cc69c,7
a415040e-4638-45e3-bf46-2c27f796a668,22
760e2490-3315-4afc-b794-a6f0ede3e543,34
2d2d226b-27f7-4208-ba73-b780e8cbff1b,30
c5b1ae68-eda8-4d17-953c-50207594a16a,22
11d7b834-45c1-4ff7-afe5-7aeb43277622,3
da5abea0-d21d-4d11-9c1d-94cd1d59b859,31
d068b986-94ee-427d-abd3-6abc1b7a15d7,13
68b3cb8d-bf7e-4a17-952d-f30b9d5ec79f,15
42fedb56-0caa-4c71-bc33-ac15e5b78a1c,3
fe609c38-adbd-4d15-82a0-1549950eeb66,6
32b44ac9-2216-4f8e-a309-6ec7a280830a,0
fa021edf-568d-4546-b964-ab8965e43103,30
8761062b-ca3d-404b-8c29-f95669048ee6,3
fda41e76-9322-4a98-9e3e-263e9665c6e3,16
74a6f8e2-6653-4ce4-887e-fa8a9ca66cf8,18
33dd59f0-7bb3-4fe8-8d76-610f9ee1644f,5
c811e4a9-a4c7-4b5f-81e6-6b4ce9b56fb4,5
6f33b394-dc6b-477f-9491-30ef1ac7a402,13
901ec9a8-91ca-43f5-9ba0-86ef5e5ec531,8
920b0fe3-c759-431f-9eb8-4e463413892c,15
a427a35f-332c-45a3-8366-39079d8381d7,26
8c29196a-16de-4cae-859f-2fd9f672b9a2,30
ee1c59ec-6a6a-48d4-9fa5-2947f4b3cd8c,10
07fdfd01-73cb-42cf-8c76-5c943b6a6236,34
3823f607-d1a5-4dd1-bcba-bdfee8af34af,33
8646cc37-1659-43c3-8e99-b95733c4904c,25
ffe79057-ba83-49a2-9127-53f64c4460eb,31
3b9b879a-c34b-48e5-b4fa-302fe65e3497,32
5d75cfd4-5874-4901-84f1-fb3500deea53,17
b338cb34-52c8-41a2-bfac-0b84f4a0d3db,21
0d680883-bfb2-49bd-9556-efe2189157dd,35
6b4204a2-3c5e-4cb2-947d-49faa791dc16,21
c58035b1-a52f-4740-be96-26fa7274db6e,27
d3900db8-5d97-4071-bc5f-e1649308b187,16
0f4eecf6-440a-4fb7-ab48-d31414328b11,3
a4c94a61-32bf-416b-bb63-56c211fe7a69,9
bd3d1ec2-5d22-4e16-9b19-3b4df68a5fb2,26
445ad7fa-7fa0-442e-b822-556755323884,27
1e0274a8-ec9d-4e68-8c24-1c1cce5ed5c3,28
eafbbfd4-e4ad-459f-8c70-6c37ff9c24d4,16
9ab08d97-fbc7-4196-b30d-375569415560,17
240fdd3b-1313-4a58-b788-1c9961b1a818,6
4a9f1a6d-0139-4643-9c6c-a3235083a5df,3
2fb6b87a-97bf-4fbc-aa7b-758553b9debc,4
ee51dc82-2e8e-41c1-8245-93d1e207bfdc,33
85521bb8-561f-4607-8213-cb66aabb769f,11
2f27307c-816d-4b40-a714-3b0a68f5baaa,22
7ffd40a3-e955-4219-a7b5-ed0861932804,15
7f08d507-3a8b-46ff-9256-0be5c019d05b,25
8dc24079-8184-4d07-93da-672aa6532a57,12
c8a55018-d386-4ac9-82a6-42d7fe8676c6,7
b91bf906-c579-4f1e-835c-405809182cbe,3
5968aeb8-b0cf-4db6-a58c-a4be336eebf5,30
99e73344-dc95-4621-a503-ca2252a5940b,17
c09903ab-47e6-4d7c-81f3-1d5016dda655,21
67a1b765-3e57-4041-a671-ddc7bceae708,28
b77a29d4-0124-47bf-943a-218d060f77a1,1
45253215-6853-4604-acb2-28eb4b08a9c3,12
1429ae98-a4dc-41f4-9c4e-973178aaf40d,10
404efaee-c0bc-45ac-9262-2d1941f2ab06,23
c2cc91ce-5cff-4e1d-871e-aa6b16fcd19a,2
c98e50d7-0b38-42df-a744-2413d14f5000,8
5a4d1de6-65bc-41c5-9477-c23dcce570cd,29
c5a25bd8-801a-4946-a262-cc226cc526a1,15
9142c09a-5883-4e43-8105-31cbca385ff7,19
90000acf-b071-4caf-9f45-e9eb2b1f0c6d,17
eeea7075-9202-4511-918d-b5c9146cced3,17
aef360e5-66ce-41b8-9071-ba16202ce138,29
ab5ec79f-dcef-4bb3-8e89-8e270c2f9544,32
69a8f5cd-667f-45dd-9225-6cc49aff725d,20
7ae522e4-d45a-4375-b3b9-ef511e173038,32
8d9e0a71-ce44-4937-ba91-5b8163c659b5,27
8b1f3d06-34f4-4730-b4d5-c7645e13a9db,10
7e288897-f396-4ebd-bf93-600e9070ed64,11
8a286a44-572a-4e1c-97d8-cc462a67b4a4,31
26111e14-e6ea-4c5d-9b71-d83ff9193d98,23
e624abdb-5011-4900-bb67-4e3ef1e68b89,8
567f4430-09a7-4500-8587-7a160a771435,6
f7e478c1-f618-4ba6-8361-f6148c3a9bc6,32
c136a2d0-e43c-4bc5-b1cb-f8c172bb547f,34
668b5f33-3ef9-4e2f-a0fb-f020dd4210e8,0
ccea2d71-1491-474e-b176-aebd644d2118,6
6afd9340-a2b3-433e-ae59-b30eb18f67b3,15
67d8d271-a282-4f0f-9d37-1dd87416f35d,13
70dbdf4a-2b40-46dd-b12b-05cdb95a6381,33
516a9b5c-79c3-4b9e-aa10-927477885265,9
04e94362-a068-40c8-ad3a-1812e28b0aee,21
32cc4e88-42a4-4153-bd5f-0fec1db8cca8,27
b0b2a5ea-fd9e-479c-8e33-15108caee0d4,30
da539bb8-6e52-4824-b3ae-99068f2f38a5,18
75254ccb-0a88-42c6-9c12-33f1f1bf1adb,11
bcbe5796-47d2-44a3-84d0-fbd23c0e7fd9,28
66f9bb79-8657-4756-a945-b277538717b5,8
c2d08714-412c-4fae-b54e-ce473c66827c,5
202aedfb-e5d3-45fa-a285-ee99cdf3980e,11
fa881355-324b-43ff-9c66-5ddf13a10899,19
832d40ac-a4d1-4a12-b37d-f444128fd8b8,4
1a87f37a-df20-4b53-956d-bd5cbd9e445c,1
d8683bd5-5635-4611-8eaf-8058a138723a,30
8c8c7112-773a-4231-9f0c-a962e561ef7d,25
a5e213fd-1447-4976-93a7-b5d6992f787b,4
b24adc41-f582-4557-9f14-05c2f0146d83,18
c0268af3-8a53-480e-bca7-fc5220b0df00,29
919aff37-c599-40ce-9639-653afc5b2014,35
c7c68f7e-1036-4b2f-837d-e3aa8f92d1ae,2
ed8f6ce9-ff2c-41b1-be03-9e5b9e743eaf,28
92e60ce2-747a-425f-b1cf-ea3b685c53b2,32
52966e42-958b-45d2-9356-8bae312e6ee0,10
41374238-43fe-40a8-9970-2ac235153a6d,11
6adc5533-a2cb-4338-a44d-5aa4a9d274f2,23
9f2a1597-c1f4-4805-ae1d-7c1f79593214,1
6c8c60fd-e8ed-471b-b562-5a70309ddc3a,0
a608b669-35e6-47d4-b4aa-d8839c1eb379,27
ef5213be-d57f-4f19-8348-773254014d81,24
6477edfa-e91f-4c00-a487-037fad402b8f,18
a4f56c10-7021-463d-b5ac-05087345f23f,3
5c89bb2e-8c51-4f71-a6e8-d12ea9da16be,29
3ff68d8c-fb2c-4038-9ca1-574d3dfdb4b6,0
71e85937-dfdf-47cc-bb2a-995dfb2255e3,28
54532a70-6b7a-4b21-8438-8f89c9cdb7cd,8
cd6e68a4-d5e5-4e10-b97d-93f75e66f5bc,27
8487a3ec-83ba-4469-9bdc-7ad26784e697,25
fef6d6dd-10e9-4df9-8b2a-024b5fd744fc,1
86b1a9d3-ef0b-4f1a-9e4a-9e4439fc2c60,34
ca59e10e-0a97-4e5e-80d1-77d3a66185b5,8
0dcb1f70-b8eb-4d06-9679-b8453a3c2522,7
d1921c6d-e9a6-4dc4-98b6-4d2777c6a13e,35
3896c4ce-8745-4372-a977-439b2b379bb4,15
88072e59-5bf1-453c-8ca8-5f776b41bbc8,29
b440aef4-dbb5-4d62-b3fc-8a55676a7b86,26
e6ffd82b-b586-4dab-ae1c-21bbd1db4c9c,10
a6dc128f-f217-4272-845a-38ca2c5afe64,34
56ff839f-4622-4b68-8dfe-c43f8ff45eb9,30
c9df02e1-17e9-4d33-aeb1-758db6de2792,35
1cf1b3b9-4974-46bc-b088-1e50eedb6061,30
8cc5dd02-d559-42a8-975a-a43f2f7629e1,33
76738fe4-71c2-420b-a40a-c8d2da7694ae,8
ad5de3f9-4460-43b0-b1f7-b24532f491ce,14
bb318087-0324-4c51-9d5e-5d11c5e7c31d,32
42631f4e-7640-42f3-99e8-d9c46970e06c,20
c3eefb40-3986-4832-ab2f-7a50d6a0dece,1
d5d9ac55-e98a-4837-b65f-b8d2dbfcd64e,20
51e7dffb-d45d-4340-802a-d5a9c78aa9ff,34
27e36b3f-f76a-4821-bc1d-3c06451d82b7,29
e7f6203e-3856-47b3-81ab-c78a37a9c6af,8
012c7d69-2ee3-477f-b2fc-1b0905763c1f,20
dc46cf7a-6ae5-4ffe-8d30-f9723d98eaa7,34
e82e43e7-641c-41c9-ade8-04ec0b78eabf,21
89b0a2da-8ffb-47c7-936c-909a7720d594,11
9e4bb3e2-6eb2-4817-9169-c964c7aba967,20
9ebd4f34-0d4e-4333-90ad-65bb6ae171f3,24
4bad76e0-c2f9-4b82-87af-6dc600158de5,4
5700ae47-9d10-4daa-8e2d-0621dd9ec13f,8
19dec486-b5e4-4cf5-bcac-791861ec474b,34
f78bf201-4706-4a48-993d-83a3933889be,2
ea24be30-aafa-4c2d-9834-296f04d8d416,13
6161fc05-986f-47bf-a01c-1261e6c1dbd5,12
1757e4ff-4e7d-492d-a702-c417df57d72c,6
ad868074-c2bf-4439-9dd2-113ef57857a5,2
bc3ff502-d0a8-4624-a422-eaeffd0f539e,24
8930d939-9150-4190-b735-1639994f1881,14
67c48bb3-83e4-41e4-9074-9a80202ecf05,0
9d67bc14-33ff-4bc8-83eb-f0c1ecb00687,7
63ab414e-8b09-4030-9104-957ba3091922,13
0e87ee44-0865-4583-bba5-7f5a717b97c6,18
bbfaaea2-94f7-4238-9553-6e858c2c587c,22
b1dd7453-7d76-43f7-ba29-34030c09c200,21
9a73702d-1275-43d4-8618-cdc55e37ad65,2
f8ad7fc6-2bcb-443a-9110-0cbf1542335d,18
7cb52fac-ca28-44cc-890e-5e9afda31623,8
e04c0aef-d4b5-4474-8510-505942a3d8ff,30
49b0413a-7373-4a75-8c12-b99efe33a12b,31
1b7896c3-8978-431d-9019-1760742a2a87,34
363d4b2a-2ee6-44ac-88dd-3202833fd3bb,26
5bab6246-4938-4938-be53-ce3dd91b6f79,2
c66d513a-5072-4a98-97c4-6a3313b6d327,34
175a0cf5-f090-4e9f-9141-12034cf042cd,4
1b8522f2-217e-492a-9e4a-d6255f1cfcb9,20
8f6f46e2-a824-4203-86ae-3a75d14b8a88,10
402216d6-447f-4159-852e-fb35d9515af7,16
57f0bd78-47ff-4f5a-b487-848e80065350,5
376e3e07-72a7-48f1-9c40-537b4fa942ee,8
9de5b229-ddd5-401f-b834-d9427c852462,9
61b36fa8-17e3-4afa-9b83-001ae4b20046,8
704f0f18-f747-479d-8e0e-a6e796225246,5
35daae4f-2c15-4643-b3b0-c96d8b29e468,18
952fca01-6d52-4915-894a-64f0f5d6c902,23
b2e107de-02e8-487c-8b97-b9a51d34f43b,14
4bd7619d-e755-4f54-97e8-443036face37,33
fc250149-f956-489f-92b1-c7c0cc6f4dcb,13
e3b70385-b4aa-4d25-b861-5148991c2276,12
7c4573ff-e473-4a2c-be3a-e189ecf00b0e,29
82b53e64-8e97-4203-a464-69da0b1c4644,17
32f3655c-7fbc-4c90-9322-9e02b5e385f4,26
7ab17461-2edd-40ca-86c0-188cf953b1a8,27
a043bce6-ff00-4b8c-a414-1c4f8324be99,30
1a6e79c0-e337-4d3f-aedc-e7b043c873c0,34
d0dca1cc-003b-40d8-a0ff-cf80af2301c8,5
7d5c993e-44ac-4df5-b514-97f91dd4e7b3,1
e01c8a15-2646-4f40-bb95-fdcbec8a35c0,12
110ac876-d950-4006-ac69-111515a4882a,1
705d6b33-291b-404b-9261-76b3666e8b12,34
7237849a-c7ee-40f3-af82-449f796fc13b,18
44cc0f43-0555-4956-8db4-63140eb9d9ce,22
8d057a84-5a1d-4dc0-9e67-18a4f1852562,34
768e59b0-2ad9-4d83-a17a-a0bb8f1ac032,33
f4a6b22e-976f-49eb-903e-1fb047ae2f46,12
da77882e-be56-47a5-9efa-f87dbf42b5d4,17
77e591f2-9cb7-4481-adec-27f8ec7c588e,13
b978a5db-649b-4e96-bb05-27f1ddcc7d5b,29
62cce810-c8ce-4ba1-a960-b7d84058fb30,30
939e4b69-e2a9-47c6-b7a2-cf8467dae8f1,6
2e7a75c0-8b76-46ba-a00c-f1f0eacaebe0,27
16bec72c-f5bd-4353-aa09-794b20ce2bf2,7
f6be40bc-1a26-4771-99b0-8d6b5649d160,27
1c92e610-2cff-4cfb-a65b-bba357cead2d,22
b4390e1d-36f2-426b-a869-884d6b5644fc,28
105ee50e-b201-436f-b824-fd574f7fb740,31
8ea1714d-fbe8-4d77-a6b1-6e0ff0904c82,30
e4449250-20be-43c7-be59-edc487142f1d,2
6d39915a-f586-4c90-8185-dc0da9407204,18
b5b70363-e7ab-4c7e-b79d-7b853e2355c5,22
3b1844fb-1747-47aa-a075-249f64c3e227,10
301f7406-60d3-42b3-ace1-ab44e427eff3,5
c9ffeef0-c16a-40e6-acf2-ba2d244666d6,15
